{
  "station": {
    "60s": {
      "mae": 42.20571322640173,
      "n": 3380
    },
    "5m": {
      "mae": 39.723170957329856,
      "n": 3333
    },
    "1h": {
      "mae": 30.652822113294484,
      "n": 2672
    }
  },
  "group": {
    "60s": {
      "bms_socPct": {
        "mae": 0.6759416143148006,
        "n": 33800
      },
      "bms_temperatureC": {
        "mae": 0.08887249625831337,
        "n": 33800
      },
      "bms_insulationResistanceKohm": {
        "mae": 14.254865814242104,
        "n": 33800
      },
      "bms_deltaCellVoltageMv": {
        "mae": 2.068559598194607,
        "n": 33800
      },
      "pcs_actualKw": {
        "mae": 4.697346474739833,
        "n": 33800
      }
    },
    "5m": {
      "bms_socPct": {
        "mae": 1.1477693899518757,
        "n": 33330
      },
      "bms_temperatureC": {
        "mae": 0.20092803900460682,
        "n": 33330
      },
      "bms_insulationResistanceKohm": {
        "mae": 25.16877527854218,
        "n": 33330
      },
      "bms_deltaCellVoltageMv": {
        "mae": 2.6760365559799584,
        "n": 33330
      },
      "pcs_actualKw": {
        "mae": 4.810868024575768,
        "n": 33330
      }
    },
    "1h": {
      "bms_socPct": {
        "mae": 1.2855315698305283,
        "n": 26720
      },
      "bms_temperatureC": {
        "mae": 0.229197521024577,
        "n": 26720
      },
      "bms_insulationResistanceKohm": {
        "mae": 19.336967266653925,
        "n": 26720
      },
      "bms_deltaCellVoltageMv": {
        "mae": 1.6417673720956432,
        "n": 26720
      },
      "pcs_actualKw": {
        "mae": 3.3862249496700256,
        "n": 26720
      }
    }
  },
  "fault": {
    "60s": {
      "auc": 0.9996979672863657,
      "n": 33890
    },
    "5m": {
      "auc": 0.9996289974796597,
      "n": 33890
    },
    "1h": {
      "auc": 0.9999616851900661,
      "n": 33890
    }
  },
  "warning": {
    "60s": {
      "auc": 0.8089740967435686,
      "n": 33890
    },
    "5m": {
      "auc": 0.8381340931168184,
      "n": 33890
    },
    "1h": {
      "auc": 0.9645971229044777,
      "n": 33890
    }
  }
}